Id,Designator,Package,Quantity,Designation,Supplier and ref
1,"J2,J1",JST_SH_SM03B-SRSS-TB_1x03-1MP_P1.00mm_Horizontal,2,SM03B-SRSS-TB(LF)(SN),
2,D1,LED_0603_1608Metric,1,Red LED 0603,
3,"R3,R11,R9,R8",R_0603_1608Metric,4,220k,
4,U2,SOIC-8_3.9x4.9mm_P1.27mm,1,ATtiny202-SS,
5,R13,R_0603_1608Metric,1,270k,
6,"R12,R6,R1",R_0603_1608Metric,3,150k,
7,"R10,R5,R4",R_0603_1608Metric,3,3K3,
8,R2,R_0603_1608Metric,1,10R,
9,Q3,SOT-23,1,MMBT3904,
10,Q2,SOT-23,1,SI3402-TP,
11,Q1,SOT-363_SC-70-6,1,MMDT3946,
12,D2,SOT-323_SC-70,1,BAV99W,
13,C1,C_0603_1608Metric,1,1uF X7R 16V,
14,R7,R_Axial_L17.0mm_D6.0mm_P22mm_Horizontal,1,4R7,
,,,,,
,H1,N/A,,,
,H2,N/A,,,
,"J4,J3",N/A,,,
,J5,N/A,,,
,U1,N/A,,,
